{
  "manifest": {
    "publishingInformation": {
      "locales": {
        "en-GB": {
          "summary": "Learn fun facts about underwater.",
          "examplePhrases": [
            "Alexa open underwater fact",
            "Alexa ask  underwater fact for a fact",
            "Alexa tell underwater facts to tell me trivia"
          ],
          "keywords": [
            "underwater",
            "fact",
            "trivia"
          ],
          "name": "underwater fact",
          "description": "Ask for Underwater Facts, and learn about what really matters, like depth of sea.\n\nUnderwater Facts provides fun the whole family can enjoy and is guaranteed to make you smarter.\n\nTo start, just say \"Alexa, launch Underwater Facts\" or \"Alexa, open underwater Facts\" to get a fact\".\n\nAt anytime, you can stop by saying \"Alexa, stop\"",
          "smallIconUri": "file://assets/images/en-GB_smallIconUri.png",
          "updatesDescription": "You will get to know about the world below the sea level.",
          "largeIconUri": "file://assets/images/en-GB_largeIconUri.png"
        }
      },
      "automaticDistribution": {
        "isActive": false
      },
      "isAvailableWorldwide": true,
      "testingInstructions": "open underwater fact",
      "category": "KNOWLEDGE_AND_TRIVIA",
      "distributionCountries": []
    },
    "apis": {
      "custom": {
        "endpoint": {
          "uri": "arn:aws:lambda:us-east-1:471388177627:function:8e55ad6d-e0c2-4c30-b886-39cce9b93c88:Release_0"
        },
        "interfaces": [],
        "regions": {
          "EU": {
            "endpoint": {
              "uri": "arn:aws:lambda:eu-west-1:471388177627:function:8e55ad6d-e0c2-4c30-b886-39cce9b93c88:Release_0"
            }
          },
          "NA": {
            "endpoint": {
              "uri": "arn:aws:lambda:us-east-1:471388177627:function:8e55ad6d-e0c2-4c30-b886-39cce9b93c88:Release_0"
            }
          },
          "FE": {
            "endpoint": {
              "uri": "arn:aws:lambda:us-west-2:471388177627:function:8e55ad6d-e0c2-4c30-b886-39cce9b93c88:Release_0"
            }
          }
        }
      }
    },
    "manifestVersion": "1.0",
    "privacyAndCompliance": {
      "allowsPurchases": false,
      "locales": {
        "en-GB": {}
      },
      "containsAds": false,
      "isExportCompliant": true,
      "isChildDirected": false,
      "usesPersonalInfo": false
    }
  }
}