{
	"en": {
		"SKILL_NAME": "underwater fact",
		"GET_FACT_MESSAGE": "Okay let me make you dive in the underwater facts: {}",
		"HELP_MESSAGE": "You can say tell me a space fact, or, you can say exit... What can I help you with?",
		"HELP_REPROMPT": "What can I help you with?",
		"FALLBACK_MESSAGE": "The Space Facts skill can't help you with that.  It can help you discover facts about space if you say tell me a space fact. What can I help you with?",
		"FALLBACK_REPROMPT": "What can I help you with?",
		"ERROR_MESSAGE": "Sorry, an error occurred.",
		"STOP_MESSAGE": "Goodbye!",
		"FACTS": [
			"The Pacific Ocean is the world’s largest ocean and contains around 25,000 islands.With 25,000 islands lying within it, the Pacific Ocean has more islands than anywhere else on the planet.",
			"The majority of life on Earth is aquatic.As so much of the Earth’s surface is underwater, it comes as no surprise that marine species outnumber those on land. But, it’s an incredible 94 per cent of the Earth’s living species that exist within the oceans.",
			"Less than five per cent of the planet’s oceans have been explored.According to the Ocean Service, man has explored less than five per cent of Earth’s oceans. As researchers strive to discover more, we’re continually getting to know our oceans better. ",
			"Our oceans cover more than 70 per cent of the Earth’s surface.With so much of the Earth’s surface taken up by ocean, it’s evident how vital these marine environments are to the planet, and how much there still is to be explored.",
			"The world’s longest mountain chain is underwater.Earth’s longest chain of mountains, the Mid-Ocean Ridge, is almost entirely beneath the ocean, stretching across a distance of 65,000 kilometres. It’s said that this mountain chain is less explored than the surface of Venus or Mars.",
			"There are more historic artefacts under the sea than in all of the world’s museums.Around 1,000 shipwrecks lie off the Florida Keys alone, some of which are within the Florida Keys National Marine Sanctuary. Other underwater museums have been created in recent years, including the Mediterranean’s submerged bronze statue, Christ of the Abyss.",
			"Over 70 per cent of our planet’s oxygen is produced by the ocean.It’s thought that between 70 and 80 per cent of the oxygen we breathe is produced by marine plants, nearly all of which are marine algae.",
			"It’s possible to find rivers and lakes beneath the ocean.When salt water and hydrogen sulfide combine, it becomes denser than the rest of the water around it, enabling it to form a lake or river that flows beneath the sea.",
			"Around 50 per cent of the US lies beneath the ocean.Not only does a large part of the planet exist beneath the ocean, so does the United States – around 50 per cent, in fact."
		]
	},
	"en-AU": {
		"SKILL_NAME": "Australian Space Facts"
	},
	"en-CA": {
		"SKILL_NAME": "Canadian Space Facts"
	},
	"en-GB": {
		"SKILL_NAME": "British Space Facts"
	},
	"en-IN": {
		"SKILL_NAME": "Indian Space Facts"
	},
	"es": {
		"SKILL_NAME": "Curiosidades del Espacio",
		"GET_FACT_MESSAGE": "Aquí está tu curiosidad: {}",
		"HELP_MESSAGE": "Puedes decir dime una curiosidad del espacio o puedes decir salir... Cómo te puedo ayudar?",
		"HELP_REPROMPT": "Como te puedo ayudar?",
		"FALLBACK_MESSAGE": "La skill Curiosidades del Espacio no te puede ayudar con eso.  Te puede ayudar a descubrir curiosidades sobre el espacio si dices dime una curiosidad del espacio. Como te puedo ayudar?",
		"FALLBACK_REPROMPT": "Como te puedo ayudar?",
		"ERROR_MESSAGE": "Lo sentimos, se ha producido un error.",
		"STOP_MESSAGE": "Adiós!",
		"FACTS": [
			"Un año en Mercurio es de solo 88 días",
			"A pesar de estar más lejos del Sol, Venus tiene temperaturas más altas que Mercurio",
			"En Marte el sol se ve la mitad de grande que en la Tierra",
			"Jupiter tiene el día más corto de todos los planetas",
			"El sol es una esféra casi perfecta"
		]
	},
	"es-ES": {
		"SKILL_NAME": "Curiosidades del Espacio para España"
	},
	"es-MX": {
		"SKILL_NAME": "Curiosidades del Espacio para México"
	},
	"es-US": {
		"SKILL_NAME": "Curiosidades del Espacio para Estados Unidos"
	},
	"fr": {
		"SKILL_NAME": "Anecdotes de l'Espace",
		"GET_FACT_MESSAGE": "Voici votre anecdote : {}",
		"HELP_MESSAGE": "Vous pouvez dire donne-moi une anecdote, ou, vous pouvez dire stop... Comment puis-je vous aider?",
		"HELP_REPROMPT": "Comment puis-je vous aider?",
		"FALLBACK_MESSAGE": "La skill des anecdotes de l'espace ne peux vous aider avec cela. Je peux vous aider à découvrir des anecdotes sur l'espace si vous dites par exemple, donne-moi une anecdote. Comment puis-je vous aider?",
		"FALLBACK_REPROMPT": "Comment puis-je vous aider?",
		"ERROR_MESSAGE": "Désolé, une erreur est survenue.",
		"STOP_MESSAGE": "Au revoir!",
		"FACTS": [
			"Une année sur Mercure ne dure que 88 jours.",
			"En dépit de son éloignement du Soleil, Vénus connaît des températures plus élevées que sur Mercure.",
			"Sur Mars, le Soleil apparaît environ deux fois plus petit que sur Terre.",
			"De toutes les planètes, Jupiter a le jour le plus court.",
			"Le Soleil est une sphère presque parfaite."
		]
	},
	"fr-FR": {
		"SKILL_NAME": "Anecdotes françaises de l'espace"
	},
	"fr-CA": {
		"SKILL_NAME": "Anecdotes canadiennes de l'espace"
	},
	"hi": {
		"SKILL_NAME": "अंतरिक्ष facts",
		"GET_FACT_MESSAGE": "ये लीजिए आपका fact: {}",
		"HELP_MESSAGE": "आप मुझे नया fact सुनाओ बोल सकते हैं या फिर exit भी बोल सकते हैं... आप क्या करना चाहेंगे?",
		"HELP_REPROMPT": "मैं आपकी किस प्रकार से सहायता कर सकती हूँ?",
		"ERROR_MESSAGE": "सॉरी, मैं वो समज नहीं पायी. क्या आप repeat कर सकते हैं?",
		"STOP_MESSAGE": "अच्छा bye, फिर मिलते हैं",
		"FACTS": [
			"बुध गृह में एक साल में केवल अठासी दिन होते हैं",
			"सूरज से दूर होने के बावजूद, Venus का तापमान Mercury से ज़्यादा होता हैं",
			"Earth के तुलना से Mars में सूरज का size तक़रीबन आधा हैं",
			"सारे ग्रहों में Jupiter का दिन सबसे कम हैं",
			"सूरज का shape एकदम गेंद आकार में हैं"
		]
	},
	"hi-IN": {
		"SKILL_NAME": "अंतरिक्ष फ़ैक्ट्स"
	},
	"it": {
		"SKILL_NAME": "Aneddoti dallo spazio",
		"GET_FACT_MESSAGE": "Ecco il tuo aneddoto: {}",
		"HELP_MESSAGE": "Puoi chiedermi un aneddoto dallo spazio o puoi chiudermi dicendo 'esci'... Come posso aiutarti?",
		"HELP_REPROMPT": "Come posso aiutarti?",
		"FALLBACK_MESSAGE": "Non posso aiutarti con questo. Posso aiutarti a scoprire fatti e aneddoti sullo spazio, basta che mi chiedi di dirti un aneddoto. Come posso aiutarti?",
		"FALLBACK_REPROMPT": "Come posso aiutarti?",
		"ERROR_MESSAGE": "Spiacenti, si è verificato un errore.",
		"STOP_MESSAGE": "A presto!",
		"FACTS": [
			"Sul pianeta Mercurio, un anno dura solamente 88 giorni.",
			"Pur essendo più lontana dal Sole, Venere ha temperature più alte di Mercurio.",
			"Su Marte il sole appare grande la metà che su la terra.",
			"Tra tutti i pianeti del sistema solare, la giornata più corta è su Giove.",
			"Il Sole è quasi una sfera perfetta."
		]
	},
	"it-IT": {
		"SKILL_NAME": "Aneddoti dallo spazio"
	},
	"ja": {
		"SKILL_NAME": "日本語版豆知識",
		"GET_FACT_MESSAGE": "知ってましたか？ {}",
		"HELP_MESSAGE": "豆知識を聞きたい時は「豆知識」と、終わりたい時は「おしまい」と言ってください。どうしますか？",
		"HELP_REPROMPT": "どうしますか？",
		"ERROR_MESSAGE": "申し訳ありませんが、エラーが発生しました",
		"STOP_MESSAGE": "さようなら",
		"FACTS": [
			"水星の一年はたった88日です。",
			"金星は水星と比べて太陽より遠くにありますが、気温は水星よりも高いです。",
			"金星は反時計回りに自転しています。過去に起こった隕石の衝突が原因と言われています。",
			"火星上から見ると、太陽の大きさは地球から見た場合の約半分に見えます。",
			"木星の<sub alias='いちにち'>1日</sub>は全惑星の中で一番短いです。",
			"天の川銀河は約50億年後にアンドロメダ星雲と衝突します。"
		]
	},
	"ja-JP": {
		"SKILL_NAME": "日本語版豆知識"
	},
	"pt": {
		"SKILL_NAME": "Fatos Espaciais",
		"GET_FACT_MESSAGE": "Aqui vai: {}",
		"HELP_MESSAGE": "Você pode me perguntar por um fato interessante sobre o espaço, ou, fexar a skill. Como posso ajudar?",
		"HELP_REPROMPT": "O que vai ser?",
		"FALLBACK_MESSAGE": "A skill fatos espaciais não tem uma resposta para isso. Ela pode contar informações interessantes sobre o espaço, é só perguntar. Como posso ajudar?",
		"FALLBACK_REPROMPT": "Eu posso contar fatos sobre o espaço. Como posso ajudar?",
		"ERROR_MESSAGE": "Desculpa, algo deu errado.",
		"STOP_MESSAGE": "Tchau!",
		"FACTS": [
			"Um ano em Mercúrio só dura 88 dias.",
			"Apesar de ser mais distante do sol, Venus é mais quente que Mercúrio.",
			"Visto de marte, o sol parece ser metade to tamanho que nós vemos da terra.",
			"Júpiter tem os dias mais curtos entre os planetas no nosso sistema solar.",
			"O sol é quase uma esfera perfeita."
		]
	},
	"pt-BR": {
		"SKILL_NAME": "Fatos Espaciais"
	},
	"de-DE": {
		"SKILL_NAME": "Weltraumwissen",
		"GET_FACT_MESSAGE": "Hier sind deine Fakten: {}",
		"HELP_MESSAGE": "Du kannst sagen, „Nenne mir einen Fakt über den Weltraum“, oder du kannst „Beenden“ sagen... Wie kann ich dir helfen?",
		"HELP_REPROMPT": "Wie kann ich dir helfen?",
		"FALLBACK_MESSAGE": "Die Weltraumfakten Skill kann dir dabei nicht helfen. Sie kann dir Fakten über den Raum erzählen, wenn du dannach fragst.",
		"FALLBACK_REPROMPT": "Wie kann ich dir helfen?",
		"ERROR_MESSAGE": "Es ist ein Fehler aufgetreten.",
		"STOP_MESSAGE": "Auf Wiedersehen!",
		"FACTS": [
			"Ein Jahr dauert auf dem Merkur nur 88 Tage.",
			"Die Venus ist zwar weiter von der Sonne entfernt, hat aber höhere Temperaturen als Merkur.",
			"Venus dreht sich entgegen dem Uhrzeigersinn, möglicherweise aufgrund eines früheren Zusammenstoßes mit einem Asteroiden.",
			"Auf dem Mars erscheint die Sonne nur halb so groß wie auf der Erde.",
			"Jupiter hat den kürzesten Tag aller Planeten."
		]
	}
}
